{
  "train_losses": [
    0.07185137737185562
  ],
  "train_mpjpe": [
    71.85137737185562
  ],
  "test_mpjpe": [
    34.17496871948242
  ],
  "epoch_times": [
    1155.1312115192413
  ],
  "learning_rates": [
    0.001
  ],
  "improvements": [
    82.76160955429077
  ]
}