{
  "baseline": {
    "losses": [
      0.9911760091781616,
      0.9969289898872375,
      0.9655778408050537,
      0.9856917858123779,
      0.9486193060874939,
      0.935104489326477,
      0.9255112409591675,
      0.9546617269515991,
      0.9126707315444946,
      0.8902889490127563,
      0.8862241506576538,
      0.8469738960266113,
      0.8470880389213562,
      0.8158314228057861,
      0.814777135848999,
      0.7854071259498596,
      0.8334436416625977,
      0.8136124014854431,
      0.7684116363525391,
      0.774100661277771
    ],
    "gradient_norms": [
      2.791541381364735,
      2.8126497140546034,
      2.7307145006115605,
      2.751129596276665,
      2.680203166738721,
      2.646827727673793,
      2.621266455285869,
      2.6665174485447625,
      2.5587235114078855,
      2.5725240842698187,
      2.544678170121781,
      2.462866056898702,
      2.4085217993310275,
      2.360248087773677,
      2.329675991648845,
      2.2796700410015887,
      2.3757035132656377,
      2.306981208073815,
      2.2079611176947624,
      2.1695737769482375
    ],
    "memory_usage": [
      0.027305126190185547,
      0.027305126190185547,
      0.027305126190185547,
      0.027305126190185547,
      0.027305126190185547,
      0.027305126190185547,
      0.027305126190185547,
      0.027305126190185547,
      0.027305126190185547,
      0.027305126190185547,
      0.027305126190185547,
      0.027305126190185547,
      0.027305126190185547,
      0.027305126190185547,
      0.027305126190185547,
      0.027305126190185547,
      0.027305126190185547,
      0.027305126190185547,
      0.027305126190185547,
      0.027305126190185547
    ],
    "epoch_times": [
      1.6539902687072754,
      1.1941282749176025
    ]
  },
  "mamba_gcn": {
    "losses": [
      1.0639625787734985,
      1.0418494939804077,
      1.0273480415344238,
      1.0176482200622559,
      0.9836840629577637,
      0.9557235240936279,
      0.9312886595726013,
      0.9089415669441223,
      0.8732479214668274,
      0.8731397986412048,
      0.8621527552604675,
      0.8216305375099182,
      0.8324027061462402,
      0.786433219909668,
      0.7713037133216858,
      0.7638007998466492,
      0.7334367632865906,
      0.733349621295929,
      0.7179248332977295,
      0.6802548766136169
    ],
    "gradient_norms": [
      3.2607405965081546,
      3.1962331017032475,
      3.184244393133661,
      3.115095316006052,
      3.044554758283232,
      2.9665383409942416,
      2.867191041483698,
      2.8113552449931167,
      2.7358961744959895,
      2.7269968821789186,
      2.632572839333595,
      2.587300393436563,
      2.5397423969790105,
      2.4347665950745454,
      2.365219294228481,
      2.350054540842063,
      2.2440798664288875,
      2.2395094938795435,
      2.173824205975878,
      2.07937178062881
    ],
    "memory_usage": [
      0.03178548812866211,
      0.03178548812866211,
      0.03178548812866211,
      0.03178548812866211,
      0.03178548812866211,
      0.03178548812866211,
      0.03178548812866211,
      0.03178548812866211,
      0.03178548812866211,
      0.03178548812866211,
      0.03178548812866211,
      0.03178548812866211,
      0.03178548812866211,
      0.03178548812866211,
      0.03178548812866211,
      0.03178548812866211,
      0.03178548812866211,
      0.03178548812866211,
      0.03178548812866211,
      0.03178548812866211
    ],
    "epoch_times": [
      1.899963617324829,
      1.9659302234649658
    ]
  },
  "training_time": {},
  "memory_usage": {},
  "validation_passed": true,
  "success_rate": 1.0
}